token	corpus size	all contexts size	frequency	co-frequency	specificity
Moyen	100097	39242	215	210	77.06
’	100097	39242	3433	1827	63.78
L	100097	39242	500	370	55.79
l	100097	39242	2841	1491	47.56
modifier	100097	39242	150	120	23.81
code	100097	39242	72	65	18.79
Proche	100097	39242	40	40	16.27
Occident	100097	39242	136	99	14.82
Les	100097	39242	322	196	14.72
BUTTON	100097	39242	176	110	9.65
Article	100097	39242	27	26	9.36
Extrême	100097	39242	26	25	8.97
fr	100097	39242	36	30	7.21
vision	100097	39242	42	33	6.72
vers	100097	39242	80	54	6.70
Hugo	100097	39242	46	35	6.49
siècle	100097	39242	234	128	6.26
1829	100097	39242	19	18	6.26
ad	100097	39242	19	18	6.26
détaillé	100097	39242	15	15	6.10
créé	100097	39242	35	28	6.07
Rechercher	100097	39242	18	17	5.88
langues	100097	39242	46	34	5.83
peinture	100097	39242	74	49	5.79
Genre	100097	39242	14	14	5.69
Basculer	100097	39242	14	14	5.69
Penser	100097	39242	14	14	5.69
peuples	100097	39242	33	26	5.46
architectural	100097	39242	16	15	5.11
Voyage	100097	39242	29	23	4.97
Éditions	100097	39242	24	20	4.97
homonymie	100097	39242	12	12	4.88
Victor	100097	39242	31	24	4.85
direction	100097	39242	18	16	4.75
associés	100097	39242	11	11	4.47
Télécharger	100097	39242	11	11	4.47
Ad	100097	39242	11	11	4.47
2010	100097	39242	17	15	4.40
Accueil	100097	39242	14	13	4.36
artistique	100097	39242	46	31	4.14
représentations	100097	39242	46	31	4.14
https	100097	39242	46	31	4.14
stéréotypée	100097	39242	10	10	4.07
UGA	100097	39242	10	10	4.07
Peintres	100097	39242	10	10	4.07
×	100097	39242	16	14	4.05
tableaux	100097	39242	21	17	4.00
org	100097	39242	39	27	3.98
mode	100097	39242	30	22	3.91
sur	100097	39242	536	248	3.87
page	100097	39242	25	19	3.78
impact	100097	39242	15	13	3.70
courant	100097	39242	20	16	3.69
La	100097	39242	255	126	3.67
pictural	100097	39242	9	9	3.66
›	100097	39242	9	9	3.66
index	100097	39242	9	9	3.66
EPUB	100097	39242	9	9	3.66
MOBI	100097	39242	9	9	3.66
peintres	100097	39242	52	33	3.64
1	100097	39242	117	64	3.62
Le	100097	39242	258	127	3.62
und	100097	39242	24	18	3.49
site	100097	39242	14	12	3.35
ACR	100097	39242	8	8	3.25
Hazan	100097	39242	8	8	3.25
mathématique	100097	39242	8	8	3.25
Bourgoin	100097	39242	8	8	3.25
Liens	100097	39242	8	8	3.25
externes	100097	39242	8	8	3.25
érudits	100097	39242	11	10	3.24
Presses	100097	39242	11	10	3.24
W	100097	39242	52	32	3.24
savoirs	100097	39242	23	17	3.21
nouveau	100097	39242	16	13	3.19
définition	100097	39242	13	11	3.01
versus	100097	39242	13	11	3.01
en	100097	39242	1306	555	2.94
français	100097	39242	90	49	2.93
matières	100097	39242	24	17	2.89
Haut	100097	39242	10	9	2.88
imaginaires	100097	39242	15	12	2.87
Texte	100097	39242	7	7	2.85
orientalisé	100097	39242	7	7	2.85
wikipedia	100097	39242	7	7	2.85
Catégories	100097	39242	7	7	2.85
Ajouter	100097	39242	7	7	2.85
critiquer	100097	39242	7	7	2.85
Courbage	100097	39242	7	7	2.85
Kropp	100097	39242	7	7	2.85
a	100097	39242	414	188	2.84
occidentaux	100097	39242	30	20	2.82
idées	100097	39242	32	21	2.81
études	100097	39242	36	23	2.80
fascination	100097	39242	36	23	2.80
présente	100097	39242	17	13	2.77
thèmes	100097	39242	19	14	2.71
partie	100097	39242	53	31	2.70
recueil	100097	39242	12	10	2.68
die	100097	39242	12	10	2.68
De	100097	39242	49	29	2.67
Méditerranée	100097	39242	23	16	2.63
préjugés	100097	39242	25	17	2.61
regard	100097	39242	39	24	2.60
devient	100097	39242	27	18	2.59
PDF	100097	39242	27	18	2.59
cultures	100097	39242	35	22	2.59
imaginaire	100097	39242	29	19	2.59
voyages	100097	39242	29	19	2.59
orientalisme	100097	39242	384	173	2.57
critiques	100097	39242	14	11	2.56
diversité	100097	39242	14	11	2.56
destination	100097	39242	9	8	2.52
académiques	100097	39242	9	8	2.52
complexité	100097	39242	9	8	2.52
référence	100097	39242	9	8	2.52
v	100097	39242	9	8	2.52
php	100097	39242	9	8	2.52
Peinture	100097	39242	9	8	2.52
Autour	100097	39242	9	8	2.52
En	100097	39242	85	45	2.49
Occidentaux	100097	39242	16	12	2.48
xix	100097	39242	16	12	2.48
Entretiens	100097	39242	6	6	2.44
Lynne	100097	39242	6	6	2.44
Thornton	100097	39242	6	6	2.44
Définition	100097	39242	6	6	2.44
eurocentrique	100097	39242	6	6	2.44
Danseuse	100097	39242	6	6	2.44
remises	100097	39242	6	6	2.44
significatif	100097	39242	6	6	2.44
Kabbani	100097	39242	6	6	2.44
über	100097	39242	6	6	2.44
Copier	100097	39242	6	6	2.44
correspondant	100097	39242	6	6	2.44
w	100097	39242	6	6	2.44
title	100097	39242	6	6	2.44
oldid	100097	39242	6	6	2.44
rêvé	100097	39242	6	6	2.44
DEL	100097	39242	6	6	2.44
Minard	100097	39242	6	6	2.44
occidentale	100097	39242	42	25	2.44
IV	100097	39242	18	13	2.43
doi	100097	39242	18	13	2.43
voyage	100097	39242	88	46	2.40
XIXème	100097	39242	20	14	2.40
esthétique	100097	39242	22	15	2.38
montre	100097	39242	22	15	2.38
intérêt	100097	39242	32	20	2.37
XIXe	100097	39242	32	20	2.37
relations	100097	39242	26	17	2.36
XIX	100097	39242	51	29	2.36
Etats	100097	39242	11	9	2.35
poèmes	100097	39242	11	9	2.35
eBook	100097	39242	11	9	2.35
chrétiennes	100097	39242	11	9	2.35
ont	100097	39242	219	102	2.33
artistes	100097	39242	107	54	2.32
Français	100097	39242	13	10	2.26
dossier	100097	39242	13	10	2.26
utilisé	100097	39242	15	11	2.20
”	100097	39242	15	11	2.20
Said	100097	39242	97	49	2.20
ensemble	100097	39242	17	12	2.17
édition	100097	39242	17	12	2.17
reçues	100097	39242	8	7	2.16
clés	100097	39242	8	7	2.16
septembre	100097	39242	8	7	2.16
désigne	100097	39242	8	7	2.16
2___	100097	39242	8	7	2.16
orientaliser	100097	39242	8	7	2.16
ref	100097	39242	8	7	2.16
Voir	100097	39242	25	16	2.14
table	100097	39242	21	14	2.14
du	100097	39242	987	410	2.08
The	100097	39242	49	27	2.04
Dictionnaire	100097	39242	5	5	2.03
enseigner	100097	39242	5	5	2.03
figée	100097	39242	5	5	2.03
contribuent	100097	39242	5	5	2.03
présenter	100097	39242	5	5	2.03
Laurent	100097	39242	5	5	2.03
mythologie	100097	39242	5	5	2.03
critiqué	100097	39242	5	5	2.03
manque	100097	39242	5	5	2.03
souhaitez	100097	39242	5	5	2.03
imaginé	100097	39242	5	5	2.03
HISTORIQUE	100097	39242	5	5	2.03
associée	100097	39242	5	5	2.03
tr	100097	39242	5	5	2.03
Dimension	100097	39242	5	5	2.03
têtes	100097	39242	5	5	2.03
Lieu	100097	39242	5	5	2.03
files	100097	39242	5	5	2.03
pdf	100097	39242	5	5	2.03
Apparence	100097	39242	5	5	2.03
Youssef	100097	39242	5	5	2.03
Manfred	100097	39242	5	5	2.03
explorateurs	100097	39242	10	8	2.03
appelé	100097	39242	10	8	2.03
Architecture	100097	39242	10	8	2.03
populum	100097	39242	10	8	2.03
Géopolitique	100097	39242	10	8	2.03
Delacroix	100097	39242	56	30	2.00
Nerval	100097	39242	32	19	2.00
8	100097	39242	32	19	2.00
arts	100097	39242	30	18	1.98
6	100097	39242	30	18	1.98
Parmi	100097	39242	12	9	1.97
concept	100097	39242	12	9	1.97
justifier	100097	39242	12	9	1.97
Portail	100097	39242	12	9	1.97
travaux	100097	39242	28	17	1.96
stéréotypes	100097	39242	28	17	1.96
femmes	100097	39242	86	43	1.96
E	100097	39242	26	16	1.94
coloniale	100097	39242	41	23	1.94
ornement	100097	39242	14	10	1.93
Zadig	100097	39242	14	10	1.93
certaine	100097	39242	14	10	1.93
1978	100097	39242	24	15	1.93
actualité	100097	39242	22	14	1.92
générale	100097	39242	22	14	1.92
Une	100097	39242	50	27	1.92
désormais	100097	39242	16	11	1.91
savant	100097	39242	16	11	1.91
nombreux	100097	39242	39	22	1.91
américain	100097	39242	18	12	1.91
choses	100097	39242	18	12	1.91
books	100097	39242	18	12	1.91
entre	100097	39242	158	73	1.89
littéraire	100097	39242	46	25	1.86
Edward	100097	39242	92	45	1.85
e	100097	39242	166	76	1.85
Pour	100097	39242	33	19	1.84
3	100097	39242	76	38	1.83
été	100097	39242	109	52	1.82
va	100097	39242	31	18	1.82
1983	100097	39242	7	6	1.81
Caroline	100097	39242	7	6	1.81
considère	100097	39242	7	6	1.81
styles	100097	39242	7	6	1.81
Ueckmann	100097	39242	7	6	1.81
province	100097	39242	7	6	1.81
clairement	100097	39242	7	6	1.81
Gadoin	100097	39242	7	6	1.81
littérature	100097	39242	67	34	1.81
représentation	100097	39242	29	17	1.79
Orientalisme	100097	39242	180	81	1.77
2	100097	39242	110	52	1.76
plusieurs	100097	39242	38	21	1.76
tant	100097	39242	38	21	1.76
école	100097	39242	25	15	1.75
cas	100097	39242	25	15	1.75
Saïd	100097	39242	54	28	1.73
pays	100097	39242	101	48	1.73
méditerranéen	100097	39242	9	7	1.72
Bibliographie	100097	39242	9	7	1.72
symbolique	100097	39242	9	7	1.72
adj	100097	39242	9	7	1.72
lien	100097	39242	9	7	1.72
origines	100097	39242	9	7	1.72
XXI	100097	39242	9	7	1.72
mouvement	100097	39242	45	24	1.72
contexte	100097	39242	21	13	1.71
parcours	100097	39242	34	19	1.70
terme	100097	39242	19	12	1.69
contribué	100097	39242	19	12	1.69
Europe	100097	39242	104	49	1.69
préoccupation	100097	39242	11	8	1.68
Jules	100097	39242	11	8	1.68
articles	100097	39242	17	11	1.68
Ottoman	100097	39242	17	11	1.68
clichés	100097	39242	17	11	1.68
un	100097	39242	925	373	1.68
Afrique	100097	39242	32	18	1.67
pris	100097	39242	13	9	1.67
exotique	100097	39242	13	9	1.67
expression	100097	39242	13	9	1.67
juifs	100097	39242	13	9	1.67
intellectuels	100097	39242	15	10	1.67
décor	100097	39242	15	10	1.67
2002	100097	39242	15	10	1.67
chez	100097	39242	57	29	1.67
par	100097	39242	511	211	1.65
Asie	100097	39242	48	25	1.65
est	100097	39242	807	326	1.65
images	100097	39242	30	17	1.64
Histoire	100097	39242	30	17	1.64
4	100097	39242	55	28	1.64
Décryptage	100097	39242	4	4	1.63
3200	100097	39242	4	4	1.63
1er	100097	39242	4	4	1.63
Historiques	100097	39242	4	4	1.63
Dates	100097	39242	4	4	1.63
Comptes	100097	39242	4	4	1.63
éditoriale	100097	39242	4	4	1.63
Contactez	100097	39242	4	4	1.63
atypikatours	100097	39242	4	4	1.63
Importance	100097	39242	4	4	1.63
Influence	100097	39242	4	4	1.63
Clichés	100097	39242	4	4	1.63
Évolution	100097	39242	4	4	1.63
Tableaux	100097	39242	4	4	1.63
Conseils	100097	39242	4	4	1.63
influençant	100097	39242	4	4	1.63
façonnant	100097	39242	4	4	1.63
stéréotypées	100097	39242	4	4	1.63
présentant	100097	39242	4	4	1.63
immuable	100097	39242	4	4	1.63
essentialiste	100097	39242	4	4	1.63
authentique	100097	39242	4	4	1.63
aspects	100097	39242	4	4	1.63
évolution	100097	39242	4	4	1.63
crée	100097	39242	4	4	1.63
départ	100097	39242	4	4	1.63
Vers	100097	39242	4	4	1.63
1991	100097	39242	4	4	1.63
Myths	100097	39242	4	4	1.63
suiv	100097	39242	4	4	1.63
51	100097	39242	4	4	1.63
wie	100097	39242	4	4	1.63
Frau	100097	39242	4	4	1.63
noch	100097	39242	4	4	1.63
Europäerin	100097	39242	4	4	1.63
ist	100097	39242	4	4	1.63
beide	100097	39242	4	4	1.63
den	100097	39242	4	4	1.63
Auto	100097	39242	4	4	1.63
r	100097	39242	4	4	1.63
erotik	100097	39242	4	4	1.63
orientement	100097	39242	4	4	1.63
orienter	100097	39242	4	4	1.63
orienteur	100097	39242	4	4	1.63
before	100097	39242	4	4	1.63
using	100097	39242	4	4	1.63
Title	100097	39242	4	4	1.63
Toponyme	100097	39242	4	4	1.63
Pacifique	100097	39242	4	4	1.63
census	100097	39242	4	4	1.63
designated	100097	39242	4	4	1.63
Points	100097	39242	4	4	1.63
Homonymie	100097	39242	4	4	1.63
CONSULTATION	100097	39242	4	4	1.63
Questions	100097	39242	4	4	1.63
faïence	100097	39242	4	4	1.63
Importante	100097	39242	4	4	1.63
News	100097	39242	4	4	1.63
2023	100097	39242	4	4	1.63
Renaissance	100097	39242	4	4	1.63
accompagnait	100097	39242	4	4	1.63
allait	100097	39242	4	4	1.63
revanche	100097	39242	4	4	1.63
nourri	100097	39242	4	4	1.63
traditionnelle	100097	39242	4	4	1.63
Itinéraires	100097	39242	4	4	1.63
default	100097	39242	4	4	1.63
cachées	100097	39242	4	4	1.63
pèlerinages	100097	39242	4	4	1.63
Listes	100097	39242	4	4	1.63
Destinée	100097	39242	4	4	1.63
fabrique	100097	39242	4	4	1.63
liturgique	100097	39242	4	4	1.63
Croissant	100097	39242	4	4	1.63
fertile	100097	39242	4	4	1.63
comme	100097	39242	322	136	1.61
image	100097	39242	44	23	1.59
culture	100097	39242	65	32	1.59
Jean	100097	39242	77	37	1.58
style	100097	39242	35	19	1.58
sujet	100097	39242	33	18	1.55
domination	100097	39242	33	18	1.55
pour	100097	39242	463	189	1.53
depuis	100097	39242	54	27	1.53
–	100097	39242	100	46	1.51
influence	100097	39242	38	20	1.50
Nord	100097	39242	38	20	1.50
apparaît	100097	39242	18	11	1.48
9	100097	39242	18	11	1.48
principale	100097	39242	6	5	1.47
valeurs	100097	39242	6	5	1.47
conception	100097	39242	6	5	1.47
appréhender	100097	39242	6	5	1.47
réalités	100097	39242	6	5	1.47
engouement	100097	39242	6	5	1.47
1861	100097	39242	6	5	1.47
In	100097	39242	6	5	1.47
ugaeditions	100097	39242	6	5	1.47
Nabila	100097	39242	6	5	1.47
1878	100097	39242	6	5	1.47
turcs	100097	39242	6	5	1.47
vidéo	100097	39242	6	5	1.47
prétexte	100097	39242	6	5	1.47
venu	100097	39242	6	5	1.47
sentence	100097	39242	6	5	1.47
ifpo	100097	39242	6	5	1.47
Recension	100097	39242	6	5	1.47
édifices	100097	39242	6	5	1.47
mot	100097	39242	16	10	1.46
important	100097	39242	16	10	1.46
devenu	100097	39242	16	10	1.46
Après	100097	39242	16	10	1.46
Kandinsky	100097	39242	14	9	1.44
Société	100097	39242	14	9	1.44
Voltaire	100097	39242	14	9	1.44
photographes	100097	39242	14	9	1.44
classique	100097	39242	14	9	1.44
fantasmé	100097	39242	8	6	1.43
Sous	100097	39242	8	6	1.43
arrow	100097	39242	8	6	1.43
perçu	100097	39242	8	6	1.43
XVIIIe	100097	39242	8	6	1.43
thématique	100097	39242	8	6	1.43
exotiques	100097	39242	8	6	1.43
abstraction	100097	39242	8	6	1.43
ein	100097	39242	8	6	1.43
préconstruits	100097	39242	8	6	1.43
icône	100097	39242	8	6	1.43
décorative	100097	39242	8	6	1.43
Japon	100097	39242	8	6	1.43
occident	100097	39242	12	8	1.42
Sud	100097	39242	12	8	1.42
âge	100097	39242	12	8	1.42
Analyses	100097	39242	10	7	1.42
intéresse	100097	39242	10	7	1.42
©	100097	39242	10	7	1.42
svg	100097	39242	10	7	1.42
caractéristiques	100097	39242	10	7	1.42
mesure	100097	39242	10	7	1.42
XXe	100097	39242	10	7	1.42
richesse	100097	39242	10	7	1.42
sensualité	100097	39242	10	7	1.42
’«	100097	39242	10	7	1.42
traitement	100097	39242	10	7	1.42
formule	100097	39242	10	7	1.42
Meaux	100097	39242	10	7	1.42
pétrole	100097	39242	10	7	1.42
également	100097	39242	75	35	1.41
Pierre	100097	39242	46	23	1.41
vie	100097	39242	44	22	1.38
m	100097	39242	98	44	1.38
trouve	100097	39242	30	16	1.37
jamais	100097	39242	37	19	1.37
Mais	100097	39242	49	24	1.36
n	100097	39242	334	133	1.36
expansion	100097	39242	21	12	1.36
façon	100097	39242	21	12	1.36
savoir	100097	39242	42	21	1.35
genre	100097	39242	35	18	1.34
Ingres	100097	39242	28	15	1.34
aux	100097	39242	243	99	1.34
moyen	100097	39242	19	11	1.32
4000	100097	39242	19	11	1.32
face	100097	39242	26	14	1.30
Si	100097	39242	26	14	1.30
domaine	100097	39242	17	10	1.29
savants	100097	39242	17	10	1.29
objet	100097	39242	17	10	1.29
historiques	100097	39242	31	16	1.27
cité	100097	39242	31	16	1.27
scènes	100097	39242	48	23	1.27
politique	100097	39242	68	31	1.26
Lumières	100097	39242	15	9	1.26
10	100097	39242	56	26	1.23
Lamartine	100097	39242	22	12	1.23
ouvr	100097	39242	22	12	1.23
“	100097	39242	22	12	1.23
art	100097	39242	79	35	1.23
Paris	100097	39242	154	63	1.23
britanniques	100097	39242	13	8	1.22
créer	100097	39242	13	8	1.22
com	100097	39242	13	8	1.22
écrire	100097	39242	13	8	1.22
Est	100097	39242	13	8	1.22
250px	100097	39242	13	8	1.22
2005	100097	39242	13	8	1.22
Bpi	100097	39242	13	8	1.22
Lire	100097	39242	3	3	1.22
Universalis	100097	39242	3	3	1.22
manipuler	100097	39242	3	3	1.22
entrepris	100097	39242	3	3	1.22
universités	100097	39242	3	3	1.22
promouvoir	100097	39242	3	3	1.22
impose	100097	39242	3	3	1.22
organisent	100097	39242	3	3	1.22
diplomatiques	100097	39242	3	3	1.22
entité	100097	39242	3	3	1.22
homogène	100097	39242	3	3	1.22
variés	100097	39242	3	3	1.22
caractéristique	100097	39242	3	3	1.22
fascinés	100097	39242	3	3	1.22
vivaient	100097	39242	3	3	1.22
révélateur	100097	39242	3	3	1.22
soulevée	100097	39242	3	3	1.22
Titre	100097	39242	3	3	1.22
Search	100097	39242	3	3	1.22
Contenu	100097	39242	3	3	1.22
xixe	100097	39242	3	3	1.22
opened	100097	39242	3	3	1.22
Email	100097	39242	3	3	1.22
access	100097	39242	3	3	1.22
Vérifiez	100097	39242	3	3	1.22
Traduit	100097	39242	3	3	1.22
concerne	100097	39242	3	3	1.22
orichalque	100097	39242	3	3	1.22
Étymologie	100097	39242	3	3	1.22
Amours	100097	39242	3	3	1.22
absolue	100097	39242	3	3	1.22
synonyme	100097	39242	3	3	1.22
relative	100097	39242	3	3	1.22
issue	100097	39242	3	3	1.22
lignée	100097	39242	3	3	1.22
·	100097	39242	3	3	1.22
Deutsch	100097	39242	3	3	1.22
Province	100097	39242	3	3	1.22
Catégorie	100097	39242	3	3	1.22
PAGE	100097	39242	3	3	1.22
NUMÉRISÉE	100097	39242	3	3	1.22
orientable	100097	39242	3	3	1.22
orifice	100097	39242	3	3	1.22
Expressions	100097	39242	3	3	1.22
paradoxe	100097	39242	3	3	1.22
éds	100097	39242	3	3	1.22
Jeune	100097	39242	3	3	1.22
traditionnel	100097	39242	3	3	1.22
Moreau	100097	39242	3	3	1.22
tournés	100097	39242	3	3	1.22
Artistes	100097	39242	3	3	1.22
couverture	100097	39242	3	3	1.22
tend	100097	39242	3	3	1.22
réhabiliter	100097	39242	3	3	1.22
susciter	100097	39242	3	3	1.22
résulte	100097	39242	3	3	1.22
horizons	100097	39242	3	3	1.22
rencontrées	100097	39242	3	3	1.22
obscur	100097	39242	3	3	1.22
arrière	100097	39242	3	3	1.22
Shalini	100097	39242	3	3	1.22
Gall	100097	39242	3	3	1.22
Linda	100097	39242	3	3	1.22
Nochlin	100097	39242	3	3	1.22
Imaginary	100097	39242	3	3	1.22
conceptions	100097	39242	3	3	1.22
contemporaines	100097	39242	3	3	1.22
Femme	100097	39242	3	3	1.22
musba	100097	39242	3	3	1.22
bordeaux	100097	39242	3	3	1.22
Juifs	100097	39242	3	3	1.22
Moyse	100097	39242	3	3	1.22
italienne	100097	39242	3	3	1.22
Émile	100097	39242	3	3	1.22
86770	100097	39242	3	3	1.22
Peltre	100097	39242	3	3	1.22
93	100097	39242	3	3	1.22
latine	100097	39242	3	3	1.22
Laurens	100097	39242	3	3	1.22
175	100097	39242	3	3	1.22
vus	100097	39242	3	3	1.22
3030	100097	39242	3	3	1.22
laviedesidees	100097	39242	3	3	1.22
Nota	100097	39242	3	3	1.22
bene	100097	39242	3	3	1.22
Débuts	100097	39242	3	3	1.22
appliqués	100097	39242	3	3	1.22
Memnon	100097	39242	3	3	1.22
Florian	100097	39242	3	3	1.22
Dossier	100097	39242	3	3	1.22
Collectif	100097	39242	3	3	1.22
Nouveau	100097	39242	3	3	1.22
Envoyer	100097	39242	3	3	1.22
Dentifrice	100097	39242	3	3	1.22
expliquer	100097	39242	3	3	1.22
ORI	100097	39242	3	3	1.22
Qantara	100097	39242	3	3	1.22
Eschatological	100097	39242	3	3	1.22
Roots	100097	39242	3	3	1.22
Sacred	100097	39242	3	3	1.22
francophone	100097	39242	3	3	1.22
Croisades	100097	39242	3	3	1.22
Partiellement	100097	39242	3	3	1.22
Adam	100097	39242	3	3	1.22
cours	100097	39242	34	17	1.22
mais	100097	39242	180	71	1.22
artiste	100097	39242	20	11	1.19
Maroc	100097	39242	20	11	1.19
plupart	100097	39242	20	11	1.19
période	100097	39242	11	7	1.19
1870	100097	39242	11	7	1.19
entreprise	100097	39242	11	7	1.19
R	100097	39242	11	7	1.19
Depuis	100097	39242	11	7	1.19
économique	100097	39242	11	7	1.19
islamisme	100097	39242	11	7	1.19
œuvres	100097	39242	57	26	1.19
point	100097	39242	57	26	1.19
Selon	100097	39242	9	6	1.16
bains	100097	39242	9	6	1.16
fil	100097	39242	9	6	1.16
intellectuelle	100097	39242	9	6	1.16
ouvert	100097	39242	9	6	1.16
pouvez	100097	39242	9	6	1.16
volume	100097	39242	9	6	1.16
f	100097	39242	9	6	1.16
alternate	100097	39242	9	6	1.16
colloque	100097	39242	9	6	1.16
Dumas	100097	39242	9	6	1.16
exprime	100097	39242	9	6	1.16
déplacer	100097	39242	9	6	1.16
messe	100097	39242	9	6	1.16
Plus	100097	39242	18	10	1.15
Notes	100097	39242	18	10	1.15
naissance	100097	39242	18	10	1.15
Wikimedia	100097	39242	18	10	1.15
exposition	100097	39242	30	15	1.15
européens	100097	39242	40	19	1.15
Question	100097	39242	5	4	1.14
Avant	100097	39242	5	4	1.14
voyagé	100097	39242	5	4	1.14
1851	100097	39242	5	4	1.14
voyager	100097	39242	5	4	1.14
légales	100097	39242	5	4	1.14
Présentation	100097	39242	5	4	1.14
modernisation	100097	39242	5	4	1.14
Mots	100097	39242	5	4	1.14
étudie	100097	39242	5	4	1.14
Mouvements	100097	39242	5	4	1.14
Antonowicz	100097	39242	5	4	1.14
trad	100097	39242	5	4	1.14
épreuve	100097	39242	5	4	1.14
Grenoble	100097	39242	5	4	1.14
Natascha	100097	39242	5	4	1.14
MLA	100097	39242	5	4	1.14
particulière	100097	39242	5	4	1.14
renvoie	100097	39242	5	4	1.14
suscité	100097	39242	5	4	1.14
Bonfils	100097	39242	5	4	1.14
despotisme	100097	39242	5	4	1.14
mélange	100097	39242	5	4	1.14
devenir	100097	39242	5	4	1.14
fonction	100097	39242	5	4	1.14
description	100097	39242	5	4	1.14
Rêver	100097	39242	5	4	1.14
Politics	100097	39242	5	4	1.14
Christine	100097	39242	5	4	1.14
2012	100097	39242	5	4	1.14
octobre	100097	39242	5	4	1.14
consacrée	100097	39242	5	4	1.14
Vassily	100097	39242	5	4	1.14
Qui	100097	39242	5	4	1.14
Chypre	100097	39242	5	4	1.14
Volume	100097	39242	5	4	1.14
tours	100097	39242	5	4	1.14
Repères	100097	39242	7	5	1.14
centrale	100097	39242	7	5	1.14
Press	100097	39242	7	5	1.14
attitude	100097	39242	7	5	1.14
envers	100097	39242	7	5	1.14
étudier	100097	39242	7	5	1.14
oasis	100097	39242	7	5	1.14
constitue	100097	39242	7	5	1.14
University	100097	39242	7	5	1.14
deuxième	100097	39242	7	5	1.14
version	100097	39242	7	5	1.14
Plan	100097	39242	7	5	1.14
Esprit	100097	39242	7	5	1.14
von	100097	39242	7	5	1.14
indien	100097	39242	7	5	1.14
couleur	100097	39242	7	5	1.14
Préface	100097	39242	7	5	1.14
projets	100097	39242	7	5	1.14
Géographie	100097	39242	7	5	1.14
provient	100097	39242	7	5	1.14
Oulebsir	100097	39242	7	5	1.14
Exposition	100097	39242	7	5	1.14
favorite_border	100097	39242	7	5	1.14
Balkans	100097	39242	7	5	1.14
Place	100097	39242	7	5	1.14
2022	100097	39242	7	5	1.14
universitaire	100097	39242	7	5	1.14
continent	100097	39242	7	5	1.14
fait	100097	39242	121	48	1.13
pendant	100097	39242	23	12	1.13
Ces	100097	39242	38	18	1.12
géopolitique	100097	39242	16	9	1.11
1838	100097	39242	16	9	1.11
étude	100097	39242	33	16	1.11
ainsi	100097	39242	89	37	1.11
livre	100097	39242	59	26	1.11
premiers	100097	39242	21	11	1.09
cause	100097	39242	21	11	1.09
lecture	100097	39242	21	11	1.09
régions	100097	39242	21	11	1.09
particulier	100097	39242	21	11	1.09
Ce	100097	39242	85	35	1.09
Musée	100097	39242	26	13	1.08
publié	100097	39242	26	13	1.08
située	100097	39242	14	8	1.07
1908	100097	39242	14	8	1.07
mystère	100097	39242	14	8	1.07
sociétés	100097	39242	14	8	1.07
nuits	100097	39242	14	8	1.07
British	100097	39242	14	8	1.07
niveau	100097	39242	14	8	1.07
1980	100097	39242	14	8	1.07
traditions	100097	39242	14	8	1.07
Larcher	100097	39242	14	8	1.07
↑	100097	39242	85	33	1.05
grand	100097	39242	34	16	1.05
nom	100097	39242	34	16	1.05
France	100097	39242	82	32	1.05
part	100097	39242	24	12	1.04
moins	100097	39242	62	26	1.03
essor	100097	39242	12	7	1.03
ancien	100097	39242	12	7	1.03
Sur	100097	39242	12	7	1.03
1824	100097	39242	12	7	1.03
Levant	100097	39242	12	7	1.03
Nil	100097	39242	12	7	1.03
dix	100097	39242	12	7	1.03
Afficher	100097	39242	12	7	1.03
analyse	100097	39242	32	15	1.02
non	100097	39242	60	25	1.02
début	100097	39242	27	13	1.01
discours	100097	39242	35	16	1.00
Maghreb	100097	39242	17	9	1.00
photographie	100097	39242	17	9	1.00
Orientalism	100097	39242	17	9	1.00
16	100097	39242	17	9	1.00
mis	100097	39242	17	9	1.00
huile	100097	39242	17	9	1.00
2020	100097	39242	17	9	1.00
véritable	100097	39242	17	9	1.00
Juive	100097	39242	17	9	1.00
paysages	100097	39242	22	11	1.00
,‎	100097	39242	22	11	1.00
5	100097	39242	58	24	1.00
femme	100097	39242	65	25	1.00
cet	100097	39242	59	24	0.99
Léon	100097	39242	30	14	0.99
question	100097	39242	41	18	0.99
connu	100097	39242	10	6	0.98
thème	100097	39242	10	6	0.98
Harem	100097	39242	10	6	0.98
réception	100097	39242	10	6	0.98
racines	100097	39242	10	6	0.98
peintures	100097	39242	10	6	0.98
2006	100097	39242	10	6	0.98
anglaise	100097	39242	10	6	0.98
poésie	100097	39242	10	6	0.98
Philippe	100097	39242	10	6	0.98
donnent	100097	39242	10	6	0.98
Gérard	100097	39242	10	6	0.98
Revue	100097	39242	10	6	0.98
Ifpo	100097	39242	10	6	0.98
Church	100097	39242	10	6	0.98
o	100097	39242	50	21	0.98
in	100097	39242	47	20	0.98
Empire	100097	39242	57	23	0.98
Un	100097	39242	59	23	0.97
selon	100097	39242	33	15	0.97
eu	100097	39242	25	12	0.97
toujours	100097	39242	51	21	0.97
Orientales	100097	39242	56	22	0.96
Dominique	100097	39242	20	10	0.96
2014	100097	39242	20	10	0.96
permet	100097	39242	20	10	0.96
masquer	100097	39242	20	10	0.96
7	100097	39242	48	20	0.96
beaucoup	100097	39242	39	17	0.96
article	100097	39242	39	17	0.96
découverte	100097	39242	15	8	0.96
représente	100097	39242	15	8	0.96
tradition	100097	39242	15	8	0.96
Dans	100097	39242	52	21	0.96
Cette	100097	39242	53	21	0.95
nombreuses	100097	39242	31	14	0.94
britannique	100097	39242	31	14	0.94
années	100097	39242	31	14	0.94
tableau	100097	39242	31	14	0.94
certains	100097	39242	31	14	0.94
orient	100097	39242	50	19	0.94
place	100097	39242	43	18	0.94
première	100097	39242	40	17	0.94
font	100097	39242	23	11	0.94
éd	100097	39242	23	11	0.94
écrivains	100097	39242	37	16	0.94
tournant	100097	39242	8	5	0.93
étend	100097	39242	8	5	0.93
riche	100097	39242	8	5	0.93
signe	100097	39242	8	5	0.93
Première	100097	39242	8	5	0.93
Littérature	100097	39242	8	5	0.93
pierre	100097	39242	8	5	0.93
portes	100097	39242	8	5	0.93
contemporain	100097	39242	8	5	0.93
aucun	100097	39242	8	5	0.93
espaces	100097	39242	8	5	0.93
altérité	100097	39242	8	5	0.93
1822	100097	39242	8	5	0.93
contextes	100097	39242	8	5	0.93
miroir	100097	39242	8	5	0.93
prière	100097	39242	8	5	0.93
Vatican	100097	39242	8	5	0.93
ouest	100097	39242	8	5	0.93
déjà	100097	39242	48	19	0.93
ligne	100097	39242	48	19	0.93
alors	100097	39242	46	18	0.92
russe	100097	39242	26	12	0.92
ISBN	100097	39242	26	12	0.92
origine	100097	39242	18	9	0.92
célèbre	100097	39242	18	9	0.92
Comme	100097	39242	18	9	0.92
effet	100097	39242	44	17	0.91
critique	100097	39242	35	15	0.91
dir	100097	39242	35	15	0.91
création	100097	39242	13	7	0.91
prend	100097	39242	13	7	0.91
1832	100097	39242	13	7	0.91
Gros	100097	39242	13	7	0.91
seule	100097	39242	13	7	0.91
sites	100097	39242	13	7	0.91
situation	100097	39242	13	7	0.91
Au	100097	39242	39	16	0.90
20	100097	39242	21	10	0.90
œuvre	100097	39242	41	16	0.90
porte	100097	39242	33	14	0.89
publiés	100097	39242	6	4	0.88
anniversaire	100097	39242	6	4	0.88
Infos	100097	39242	6	4	0.88
1879	100097	39242	6	4	0.88
1865	100097	39242	6	4	0.88
1828	100097	39242	6	4	0.88
conséquence	100097	39242	6	4	0.88
renforcer	100097	39242	6	4	0.88
profondément	100097	39242	6	4	0.88
99	100097	39242	6	4	0.88
événement	100097	39242	6	4	0.88
manifeste	100097	39242	6	4	0.88
correspond	100097	39242	6	4	0.88
spécialistes	100097	39242	6	4	0.88
nu	100097	39242	6	4	0.88
couchant	100097	39242	6	4	0.88
progrès	100097	39242	6	4	0.88
sérail	100097	39242	6	4	0.88
1843	100097	39242	6	4	0.88
Perspective	100097	39242	6	4	0.88
Isabelle	100097	39242	6	4	0.88
souligner	100097	39242	6	4	0.88
fiches	100097	39242	6	4	0.88
Odes	100097	39242	6	4	0.88
hommage	100097	39242	6	4	0.88
disciplines	100097	39242	6	4	0.88
croire	100097	39242	6	4	0.88
paru	100097	39242	6	4	0.88
1950	100097	39242	6	4	0.88
postcoloniales	100097	39242	6	4	0.88
1852	100097	39242	6	4	0.88
tentation	100097	39242	6	4	0.88
incontournable	100097	39242	6	4	0.88
IFRAME	100097	39242	6	4	0.88
liturgie	100097	39242	6	4	0.88
levant	100097	39242	6	4	0.88
pouvoir	100097	39242	30	13	0.88
historique	100097	39242	27	12	0.88
occidental	100097	39242	27	12	0.88
voyageurs	100097	39242	38	15	0.88
Bonaparte	100097	39242	16	8	0.87
sujets	100097	39242	16	8	0.87
Culture	100097	39242	16	8	0.87
Volait	100097	39242	16	8	0.87
source	100097	39242	16	8	0.87
rêve	100097	39242	16	8	0.87
Indes	100097	39242	11	6	0.86
explique	100097	39242	11	6	0.86
Constant	100097	39242	11	6	0.86
N	100097	39242	11	6	0.86
1867	100097	39242	11	6	0.86
permettent	100097	39242	11	6	0.86
connaître	100097	39242	11	6	0.86
Articles	100097	39242	11	6	0.86
2004	100097	39242	11	6	0.86
Lorraine	100097	39242	11	6	0.86
moitié	100097	39242	19	9	0.86
Mille	100097	39242	19	9	0.86
der	100097	39242	19	9	0.86
25	100097	39242	19	9	0.86
2013	100097	39242	19	9	0.86
récits	100097	39242	32	13	0.85
ottoman	100097	39242	32	13	0.85
D	100097	39242	33	13	0.85
Oriental	100097	39242	25	11	0.85
dernier	100097	39242	25	11	0.85
civilisations	100097	39242	22	10	0.85
nouvelle	100097	39242	22	10	0.85
belle	100097	39242	22	10	0.85
auteurs	100097	39242	22	10	0.85
celui	100097	39242	32	12	0.85
ressources	100097	39242	32	12	0.85
région	100097	39242	29	12	0.84
pu	100097	39242	31	12	0.84
Pays	100097	39242	4	3	0.83
traverse	100097	39242	4	3	0.83
connaît	100097	39242	4	3	0.83
facteurs	100097	39242	4	3	0.83
actuelle	100097	39242	4	3	0.83
Aziyadé	100097	39242	4	3	0.83
américaine	100097	39242	4	3	0.83
Autres	100097	39242	4	3	0.83
Qu	100097	39242	4	3	0.83
réside	100097	39242	4	3	0.83
Tours	100097	39242	4	3	0.83
Nos	100097	39242	4	3	0.83
utilisation	100097	39242	4	3	0.83
Auteur	100097	39242	4	3	0.83
Langues	100097	39242	4	3	0.83
oeuvre	100097	39242	4	3	0.83
employé	100097	39242	4	3	0.83
menace	100097	39242	4	3	0.83
Discours	100097	39242	4	3	0.83
Occidental	100097	39242	4	3	0.83
collections	100097	39242	4	3	0.83
demeure	100097	39242	4	3	0.83
Arthur	100097	39242	4	3	0.83
intégral	100097	39242	4	3	0.83
recensé	100097	39242	4	3	0.83
Précédent	100097	39242	4	3	0.83
Kaja	100097	39242	4	3	0.83
victorien	100097	39242	4	3	0.83
pionniers	100097	39242	4	3	0.83
itinéraire	100097	39242	4	3	0.83
ale	100097	39242	4	3	0.83
Région	100097	39242	4	3	0.83
Author	100097	39242	4	3	0.83
appellation	100097	39242	4	3	0.83
désigner	100097	39242	4	3	0.83
Recensé	100097	39242	4	3	0.83
recherches	100097	39242	4	3	0.83
actes	100097	39242	4	3	0.83
architectes	100097	39242	4	3	0.83
orientalism	100097	39242	4	3	0.83
1889	100097	39242	4	3	0.83
émaillé	100097	39242	4	3	0.83
Anatole	100097	39242	4	3	0.83
iconographie	100097	39242	4	3	0.83
lancé	100097	39242	4	3	0.83
influencés	100097	39242	4	3	0.83
1876	100097	39242	4	3	0.83
matériaux	100097	39242	4	3	0.83
étrangeté	100097	39242	4	3	0.83
fameuse	100097	39242	4	3	0.83
admiration	100097	39242	4	3	0.83
relève	100097	39242	4	3	0.83
songer	100097	39242	4	3	0.83
imagerie	100097	39242	4	3	0.83
bagages	100097	39242	4	3	0.83
regards	100097	39242	4	3	0.83
Poetics	100097	39242	4	3	0.83
mascarade	100097	39242	4	3	0.83
Plusieurs	100097	39242	4	3	0.83
Bnf	100097	39242	4	3	0.83
Jan	100097	39242	4	3	0.83
Claude	100097	39242	4	3	0.83
épuise	100097	39242	4	3	0.83
publics	100097	39242	4	3	0.83
générales	100097	39242	4	3	0.83
orientations	100097	39242	4	3	0.83
tôt	100097	39242	4	3	0.83
Vie	100097	39242	4	3	0.83
ISSN	100097	39242	4	3	0.83
nécessaire	100097	39242	4	3	0.83
Liste	100097	39242	4	3	0.83
idéologies	100097	39242	4	3	0.83
prier	100097	39242	4	3	0.83
célébré	100097	39242	4	3	0.83
prêtres	100097	39242	4	3	0.83
célébrer	100097	39242	4	3	0.83
février	100097	39242	4	3	0.83
Biblical	100097	39242	4	3	0.83
Organisation	100097	39242	4	3	0.83
avions	100097	39242	4	3	0.83
expliquent	100097	39242	4	3	0.83
amoureux	100097	39242	4	3	0.83
naïf	100097	39242	4	3	0.83
grave	100097	39242	4	3	0.83
conversation	100097	39242	4	3	0.83
html	100097	39242	4	3	0.83
eux	100097	39242	30	12	0.83
exemple	100097	39242	30	12	0.83
trois	100097	39242	29	11	0.82
musulmans	100097	39242	29	11	0.82
ouvrages	100097	39242	14	7	0.82
romantique	100097	39242	14	7	0.82
2019	100097	39242	14	7	0.82
rend	100097	39242	14	7	0.82
Vous	100097	39242	14	7	0.82
orientation	100097	39242	14	7	0.82
donné	100097	39242	14	7	0.82
°	100097	39242	23	10	0.82
2008	100097	39242	23	10	0.82
vue	100097	39242	27	11	0.82
